{"cameraMode":{"drawMode":0,"name":"Shaded","section":"Shading Mode"},"sceneLighting":false,"audioPlay":false,"sceneViewState":{"showFog":true,"showMaterialUpdate":false,"showSkybox":false,"showFlares":true,"showImageEffects":true,"showParticleSystems":true},"in2DMode":false,"pivot":{"x":0.5457311868667603,"y":-20.53940200805664,"z":-6.584339618682861},"rotation":{"x":-0.020877687260508539,"y":-0.8383697271347046,"z":0.5437759757041931,"w":-0.032203517854213718},"size":23.95098876953125,"orthographic":false}