{"cameraMode":{"drawMode":0,"name":"Shaded","section":"Shading Mode"},"sceneLighting":true,"audioPlay":false,"sceneViewState":{"showFog":true,"showMaterialUpdate":false,"showSkybox":true,"showFlares":true,"showImageEffects":true,"showParticleSystems":true},"in2DMode":false,"pivot":{"x":2.879079818725586,"y":2.9137704372406008,"z":-7.3324294090271},"rotation":{"x":0.21351666748523713,"y":-0.6053306460380554,"z":0.17301587760448457,"w":0.7470296025276184},"size":5.073229789733887,"orthographic":false}