{"cameraMode":{"drawMode":0,"name":"Shaded","section":"Shading Mode"},"sceneLighting":false,"audioPlay":false,"sceneViewState":{"showFog":true,"showMaterialUpdate":false,"showSkybox":false,"showFlares":true,"showImageEffects":true,"showParticleSystems":true},"in2DMode":false,"pivot":{"x":-2.9489998817443849,"y":0.5049999952316284,"z":1.9529999494552613},"rotation":{"x":0.0951773002743721,"y":0.11797216534614563,"z":-0.0113600492477417,"w":0.9883822798728943},"size":2.857883930206299,"orthographic":false}