{"cameraMode":{"drawMode":0,"name":"Shaded","section":"Shading Mode"},"sceneLighting":false,"audioPlay":false,"sceneViewState":{"showFog":true,"showMaterialUpdate":false,"showSkybox":true,"showFlares":true,"showImageEffects":true,"showParticleSystems":true},"in2DMode":false,"pivot":{"x":4.713571548461914,"y":5.073943614959717,"z":-3.9121510982513429},"rotation":{"x":0.31894510984420779,"y":-0.5018391013145447,"z":0.20592354238033296,"w":0.7772395610809326},"size":6.732510089874268,"orthographic":false}